{
  "metrics": {
    "accuracy": 0.4993186824445469,
    "precision": 0.4993080225997466,
    "recall": 0.4993186824445469,
    "f1_score": 0.49749530302652706,
    "roc_auc": 0.498682623726701
  },
  "n_test": 97605,
  "label_distribution_test": {
    "0": 48803,
    "1": 48802
  },
  "config": {
    "DATA_DIR": "D:\\Zhu\\AI Project\\EEG Creativity Analysis\\EEG data",
    "PARTICIPANTS": [
      "P2",
      "P3",
      "P4"
    ],
    "SAMPLING_RATE": 500,
    "WINDOW_SIZE": 1000,
    "TEST_SIZE": 0.3,
    "RANDOM_SEED": 42,
    "SAVE_PLOTS": true,
    "PLOT_FORMAT": "png",
    "PLOT_DPI": 150
  },
  "created_at": "2026-02-27T15:00:33"
}